IM,record,peak_disp_mm,completed,collapsed
1,120111,1.4416,1,0
1,120112,2.6366,1,0
1,120121,1.0705,1,0
1,120122,1.1267,1,0
1,120411,2.5832,1,0
1,120412,1.5512,1,0
1,120521,1.8285,1,0
1,120522,3.8713,1,0
1,120611,1.6736,1,0
1,120612,1.4451,1,0
1,120621,2.3542,1,0
1,120622,1.9331,1,0
1,120711,3.4301,1,0
1,120712,1.7615,1,0
1,120721,1.0245,1,0
1,120722,0.9355,1,0
1,120811,1.1458,1,0
1,120812,1.6373,1,0
1,120821,4.7176,1,0
1,120822,3.0626,1,0
1,120911,1.9663,1,0
1,120912,1.6445,1,0
1,120921,1.1258,1,0
1,120922,1.3626,1,0
1,121011,0.8396,1,0
1,121012,0.9333,1,0
1,121021,3.4669,1,0
1,121022,3.4304,1,0
1,121111,1.9777,1,0
1,121112,2.7410,1,0
1,121211,3.2222,1,0
1,121212,1.8996,1,0
1,121221,2.5295,1,0
1,121222,1.8536,1,0
1,121321,0.8720,1,0
1,121322,2.9129,1,0
1,121411,1.0401,1,0
1,121412,1.8439,1,0
1,121421,1.9763,1,0
1,121422,0.9438,1,0
1,121511,2.5656,1,0
1,121512,3.3061,1,0
1,121711,1.9381,1,0
1,121712,2.0892,1,0
2,120111,3.1547,1,0
2,120112,4.2214,1,0
2,120121,2.8740,1,0
2,120122,3.7949,1,0
2,120411,4.8399,1,0
2,120412,3.1579,1,0
2,120521,2.8554,1,0
2,120522,8.2367,1,0
2,120611,3.4848,1,0
2,120612,3.3063,1,0
2,120621,4.9958,1,0
2,120622,3.7300,1,0
2,120711,5.4558,1,0
2,120712,4.1438,1,0
2,120721,2.1772,1,0
2,120722,2.1403,1,0
2,120811,3.8575,1,0
2,120812,4.2113,1,0
2,120821,7.6380,1,0
2,120822,5.1264,1,0
2,120911,4.8148,1,0
2,120912,3.9037,1,0
2,120921,3.0939,1,0
2,120922,3.1161,1,0
2,121011,3.3885,1,0
2,121012,2.5487,1,0
2,121021,6.2975,1,0
2,121022,5.2613,1,0
2,121111,5.3103,1,0
2,121112,5.7356,1,0
2,121211,6.1177,1,0
2,121212,4.1885,1,0
2,121221,5.7851,1,0
2,121222,4.4453,1,0
2,121321,2.4635,1,0
2,121322,6.6062,1,0
2,121411,2.4493,1,0
2,121412,4.1825,1,0
2,121421,4.1509,1,0
2,121422,3.0185,1,0
2,121511,5.0354,1,0
2,121512,4.4801,1,0
2,121711,4.1899,1,0
2,121712,6.6641,1,0
3,120111,5.4093,1,0
3,120112,6.5806,1,0
3,120121,4.3693,1,0
3,120122,5.8601,1,0
3,120411,6.8986,1,0
3,120412,5.8870,1,0
3,120521,5.7420,1,0
3,120522,10.4141,1,0
3,120611,5.0326,1,0
3,120612,4.4914,1,0
3,120621,6.6637,1,0
3,120622,6.8386,1,0
3,120711,6.9333,1,0
3,120712,6.1007,1,0
3,120721,4.5047,1,0
3,120722,2.8838,1,0
3,120811,5.8205,1,0
3,120812,6.8676,1,0
3,120821,13.5959,1,0
3,120822,6.5783,1,0
3,120911,6.1882,1,0
3,120912,6.5325,1,0
3,120921,3.7816,1,0
3,120922,6.0408,1,0
3,121011,5.2367,1,0
3,121012,3.5699,1,0
3,121021,9.3284,1,0
3,121022,8.1281,1,0
3,121111,7.7847,1,0
3,121112,7.4304,1,0
3,121211,8.8641,1,0
3,121212,6.0495,1,0
3,121221,8.3830,1,0
3,121222,5.8247,1,0
3,121321,3.8657,1,0
3,121322,9.5875,1,0
3,121411,3.2058,1,0
3,121412,5.3456,1,0
3,121421,6.5700,1,0
3,121422,4.7248,1,0
3,121511,7.1399,1,0
3,121512,6.5323,1,0
3,121711,5.6558,1,0
3,121712,8.8675,1,0
4,120111,6.6417,1,0
4,120112,8.6450,1,0
4,120121,6.3460,1,0
4,120122,7.8418,1,0
4,120411,8.5751,1,0
4,120412,7.6627,1,0
4,120521,7.7353,1,0
4,120522,12.2485,1,0
4,120611,6.5491,1,0
4,120612,7.1598,1,0
4,120621,8.6670,1,0
4,120622,9.0695,1,0
4,120711,9.1694,1,0
4,120712,8.0647,1,0
4,120721,5.4469,1,0
4,120722,4.4959,1,0
4,120811,8.0553,1,0
4,120812,7.4653,1,0
4,120821,17.0528,1,0
4,120822,9.2610,1,0
4,120911,8.1413,1,0
4,120912,7.9724,1,0
4,120921,5.5239,1,0
4,120922,6.5626,1,0
4,121011,5.8232,1,0
4,121012,4.5943,1,0
4,121021,12.5158,1,0
4,121022,10.8408,1,0
4,121111,9.0114,1,0
4,121112,8.6901,1,0
4,121211,9.8154,1,0
4,121212,7.7132,1,0
4,121221,9.5345,1,0
4,121222,8.1133,1,0
4,121321,5.2416,1,0
4,121322,11.2682,1,0
4,121411,6.1355,1,0
4,121412,6.3670,1,0
4,121421,9.2415,1,0
4,121422,6.0833,1,0
4,121511,9.5783,1,0
4,121512,8.9021,1,0
4,121711,7.6293,1,0
4,121712,10.7146,1,0
5,120111,8.1461,1,0
5,120112,12.4389,1,0
5,120121,8.3486,1,0
5,120122,11.1038,1,0
5,120411,11.3545,1,0
5,120412,9.5094,1,0
5,120521,9.4975,1,0
5,120522,14.1540,1,0
5,120611,8.3719,1,0
5,120612,9.7229,1,0
5,120621,11.8015,1,0
5,120622,11.0505,1,0
5,120711,12.5294,1,0
5,120712,11.1745,1,0
5,120721,8.0644,1,0
5,120722,6.0932,1,0
5,120811,10.3041,1,0
5,120812,12.0026,1,0
5,120821,20.5018,1,0
5,120822,13.2685,1,0
5,120911,11.6111,1,0
5,120912,10.9268,1,0
5,120921,8.9255,1,0
5,120922,10.2174,1,0
5,121011,8.6970,1,0
5,121012,7.6936,1,0
5,121021,16.8500,1,0
5,121022,13.7120,1,0
5,121111,12.6275,1,0
5,121112,12.1619,1,0
5,121211,13.4718,1,0
5,121212,8.7307,1,0
5,121221,12.6073,1,0
5,121222,9.6067,1,0
5,121321,8.4932,1,0
5,121322,13.2008,1,0
5,121411,9.3474,1,0
5,121412,9.4934,1,0
5,121421,12.4248,1,0
5,121422,8.8250,1,0
5,121511,12.8146,1,0
5,121512,11.4360,1,0
5,121711,11.4908,1,0
5,121712,11.2537,1,0
6,120111,11.4805,1,0
6,120112,14.2868,1,0
6,120121,9.2929,1,0
6,120122,12.7682,1,0
6,120411,12.7981,1,0
6,120412,9.8632,1,0
6,120521,12.5346,1,0
6,120522,16.9216,1,0
6,120611,11.1445,1,0
6,120612,10.5708,1,0
6,120621,14.4280,1,0
6,120622,13.0565,1,0
6,120711,14.2638,1,0
6,120712,12.8177,1,0
6,120721,9.3410,1,0
6,120722,8.8199,1,0
6,120811,11.7586,1,0
6,120812,14.9249,1,0
6,120821,24.3025,1,0
6,120822,16.0867,1,0
6,120911,13.8177,1,0
6,120912,13.6166,1,0
6,120921,11.1003,1,0
6,120922,12.1220,1,0
6,121011,11.6618,1,0
6,121012,9.4254,1,0
6,121021,21.4297,1,0
6,121022,12.2613,1,0
6,121111,15.9152,1,0
6,121112,13.6655,1,0
6,121211,16.2494,1,0
6,121212,11.1636,1,0
6,121221,16.7533,1,0
6,121222,10.7553,1,0
6,121321,11.2334,1,0
6,121322,17.1693,1,0
6,121411,11.1154,1,0
6,121412,13.2179,1,0
6,121421,14.1035,1,0
6,121422,10.8395,1,0
6,121511,17.4701,1,0
6,121512,15.4725,1,0
6,121711,12.2917,1,0
6,121712,15.8122,1,0
7,120111,13.2701,1,0
7,120112,15.2941,1,0
7,120121,10.3188,1,0
7,120122,14.1069,1,0
7,120411,15.8466,1,0
7,120412,14.1241,1,0
7,120521,15.4149,1,0
7,120522,24.7713,1,0
7,120611,10.2167,1,0
7,120612,12.0415,1,0
7,120621,15.6617,1,0
7,120622,18.3872,1,0
7,120711,17.3279,1,0
7,120712,15.6645,1,0
7,120721,11.2021,1,0
7,120722,11.2948,1,0
7,120811,12.1875,1,0
7,120812,19.0651,1,0
7,120821,29.4627,1,0
7,120822,20.3667,1,0
7,120911,16.5325,1,0
7,120912,14.7886,1,0
7,120921,12.4497,1,0
7,120922,14.1849,1,0
7,121011,14.3012,1,0
7,121012,11.0419,1,0
7,121021,26.1378,1,0
7,121022,14.5815,1,0
7,121111,18.0676,1,0
7,121112,15.9620,1,0
7,121211,17.0503,1,0
7,121212,13.5440,1,0
7,121221,18.0654,1,0
7,121222,13.3293,1,0
7,121321,14.4654,1,0
7,121322,20.9152,1,0
7,121411,11.2969,1,0
7,121412,15.7972,1,0
7,121421,15.4282,1,0
7,121422,12.4534,1,0
7,121511,21.2858,1,0
7,121512,17.0352,1,0
7,121711,14.7763,1,0
7,121712,20.1996,1,0
8,120111,13.4762,1,0
8,120112,16.3073,1,0
8,120121,11.7282,1,0
8,120122,16.0691,1,0
8,120411,19.1532,1,0
8,120412,15.6774,1,0
8,120521,17.9112,1,0
8,120522,28.4222,1,0
8,120611,13.5188,1,0
8,120612,13.1978,1,0
8,120621,17.5000,1,0
8,120622,25.3598,1,0
8,120711,19.4301,1,0
8,120712,18.8350,1,0
8,120721,11.8276,1,0
8,120722,13.7488,1,0
8,120811,13.7428,1,0
8,120812,20.2706,1,0
8,120821,39.9370,1,0
8,120822,20.2103,1,0
8,120911,17.2364,1,0
8,120912,16.5506,1,0
8,120921,13.7909,1,0
8,120922,13.9282,1,0
8,121011,16.4543,1,0
8,121012,11.0313,1,0
8,121021,30.1343,1,0
8,121022,18.5606,1,0
8,121111,20.7207,1,0
8,121112,19.9103,1,0
8,121211,16.4496,1,0
8,121212,14.6341,1,0
8,121221,21.9448,1,0
8,121222,17.4955,1,0
8,121321,17.0375,1,0
8,121322,24.6976,1,0
8,121411,13.2889,1,0
8,121412,16.2882,1,0
8,121421,16.3763,1,0
8,121422,14.1434,1,0
8,121511,26.5197,1,0
8,121512,19.0005,1,0
8,121711,17.4626,1,0
8,121712,18.4351,1,0
9,120111,14.3461,1,0
9,120112,18.5114,1,0
9,120121,12.7318,1,0
9,120122,16.9987,1,0
9,120411,21.4436,1,0
9,120412,15.3398,1,0
9,120521,19.6215,1,0
9,120522,30.0196,1,0
9,120611,15.4317,1,0
9,120612,13.7199,1,0
9,120621,25.1466,1,0
9,120622,25.3620,1,0
9,120711,26.0656,1,0
9,120712,19.2544,1,0
9,120721,11.9502,1,0
9,120722,15.1418,1,0
9,120811,15.8781,1,0
9,120812,23.3962,1,0
9,120821,82.9853,0,1
9,120822,27.0255,1,0
9,120911,22.4743,1,0
9,120912,19.3802,1,0
9,120921,14.1946,1,0
9,120922,15.0791,1,0
9,121011,16.6342,1,0
9,121012,11.7454,1,0
9,121021,32.8644,1,0
9,121022,18.8519,1,0
9,121111,23.4327,1,0
9,121112,24.6606,1,0
9,121211,17.0140,1,0
9,121212,18.4411,1,0
9,121221,27.7470,1,0
9,121222,23.6358,1,0
9,121321,17.6902,1,0
9,121322,28.1145,1,0
9,121411,16.9226,1,0
9,121412,19.5546,1,0
9,121421,18.1524,1,0
9,121422,15.7647,1,0
9,121511,95.5142,0,1
9,121512,20.3924,1,0
9,121711,20.7159,1,0
9,121712,23.3724,1,0
10,120111,15.5805,1,0
10,120112,22.0445,1,0
10,120121,14.5321,1,0
10,120122,17.6270,1,0
10,120411,22.0362,1,0
10,120412,13.0497,1,0
10,120521,20.3310,1,0
10,120522,96.8369,0,1
10,120611,18.7075,1,0
10,120612,14.9025,1,0
10,120621,22.5174,1,0
10,120622,25.6701,1,0
10,120711,28.9109,1,0
10,120712,22.5636,1,0
10,120721,13.6900,1,0
10,120722,14.6296,1,0
10,120811,15.7147,1,0
10,120812,26.7659,1,0
10,120821,60.4600,0,1
10,120822,32.0887,1,0
10,120911,26.2750,1,0
10,120912,20.2739,1,0
10,120921,15.5889,1,0
10,120922,14.4235,1,0
10,121011,18.4071,1,0
10,121012,13.4221,1,0
10,121021,34.1734,1,0
10,121022,20.1086,1,0
10,121111,25.3780,1,0
10,121112,29.2984,1,0
10,121211,17.3441,1,0
10,121212,21.8845,1,0
10,121221,31.0601,1,0
10,121222,22.2912,1,0
10,121321,18.8724,1,0
10,121322,28.5238,1,0
10,121411,22.5326,1,0
10,121412,22.1784,1,0
10,121421,20.5128,1,0
10,121422,17.0935,1,0
10,121511,77.8637,0,1
10,121512,20.8083,1,0
10,121711,24.1155,1,0
10,121712,24.4758,1,0
